Tactic,Technique ID,Technique Name,Status,Supporting Rule ID,Notes
Execution,T1059.001,PowerShell,Covered,11111111-1111-1111-1111-111111111111,Encoded command execution
Defense Evasion,T1027,Obfuscated Files or Information,Covered,11111111-1111-1111-1111-111111111111,Encoded command obfuscation
Defense Evasion,T1070,Indicator Removal,Covered,22222222-2222-2222-2222-222222222222,Security event 1102
Persistence,T1053.005,Scheduled Task,Covered,33333333-3333-3333-3333-333333333333,Security event 4698
Persistence,T1543.003,Windows Service,Covered,44444444-4444-4444-4444-444444444444,SCM event 7045
Execution,T1059.001,PowerShell Script Block,Covered,55555555-5555-5555-5555-555555555555,PowerShell event 4104
Credential Access,T1003.001,LSASS Memory,Covered,66666666-6666-6666-6666-666666666666,Sysmon event 10
Command and Control,T1105,Ingress Tool Transfer,Covered,77777777-7777-7777-7777-777777777777,Sysmon event 11
Persistence,T1547.001,Registry Run Keys,Covered,88888888-8888-8888-8888-888888888888,Sysmon event 13
Defense Evasion,T1055,Process Injection,Covered,99999999-9999-9999-9999-999999999999,Sysmon event 8
Lateral Movement,T1021.006,WinRM,Covered,aaaaaaaa-1111-1111-1111-111111111111,WinRM event 6
Defense Evasion,T1197,BITS Jobs,Covered,bbbbbbbb-2222-2222-2222-222222222222,BITS event 3
Execution,T1204.002,Malicious File,Covered,cccccccc-3333-3333-3333-333333333333,Office parent process
Privilege Escalation,T1068,Exploitation for Privilege Escalation,Covered,dddddddd-4444-4444-4444-444444444444,spoolsv.exe child process
Credential Access,T1003.001,Comsvcs MiniDump,Covered,eeeeeeee-5555-5555-5555-555555555555,CommandLine pattern
Execution,T1047,Windows Management Instrumentation,Covered,ffffffff-6666-6666-6666-666666666666,WmiPrvSE parent process
Defense Evasion,T1036.005,Match Legitimate Name or Location,Covered,10000001-0001-0001-0001-000000000001,From Hunt 001
Execution,T1047,Windows Management Instrumentation Impacket,Covered,10000002-0002-0002-0002-000000000002,From Hunt 001
Defense Evasion,T1564.002,Hide Artifacts via Shadow Copy,Covered,10000003-0003-0003-0003-000000000003,From Hunt 001
Command and Control,T1071.001,Web Protocols,Covered,10000004-0004-0004-0004-000000000004,mshta external
Defense Evasion,T1218.005,Mshta,Covered,10000004-0004-0004-0004-000000000004,From Hunt 002
Defense Evasion,T1218.010,Regsvr32,Covered,10000005-0005-0005-0005-000000000005,From Hunt 002
Command and Control,T1105,Ingress Tool Transfer via certutil,Covered,10000006-0006-0006-0006-000000000006,From Hunt 002
Defense Evasion,T1055.002,Portable Executable Injection,Covered,10000007-0007-0007-0007-000000000007,Cobalt Strike artifact
Defense Evasion,T1070.004,Indicator Removal File Deletion,Covered,10000008-0008-0008-0008-000000000008,From Incident 002
Defense Evasion,T1564.001,Hide Artifacts via Hidden Files,Covered,10000008-0008-0008-0008-000000000008,From Incident 002
Defense Evasion,T1036.005,Masquerading in AppData Roaming,Covered,10000009-0009-0009-0009-000000000009,From Incident 002
Execution,T1059.003,Windows Command Shell,Partially Covered,win_ping_delay_and_hidden_delete.yml,Only cmd.exe with anti-sandbox pattern; generic shell execution not covered
Credential Access,T1110,Brute Force,Partially Covered,correlation_win_failed_logon_burst_then_success.yml,Correlation rule detects burst then success; single-source lockout alerts not covered
Discovery,T1087,Account Discovery,Not Covered,,No rule for net user / whoami enumeration patterns
Discovery,T1082,System Information Discovery,Not Covered,,No rule for systeminfo / hostname reconnaissance
Discovery,T1018,Remote System Discovery,Not Covered,,No rule for net view / ping sweeps
Command and Control,T1090,Proxy,Not Covered,,No rule for proxy chains or tor exit nodes
Exfiltration,T1041,Exfiltration Over C2 Channel,Not Covered,,No rule for anomalous outbound data volume
Impact,T1486,Data Encrypted for Impact,Not Covered,,No rule for mass file encryption or ransom note creation
Initial Access,T1566,Phishing,Partially Covered,win_office_spawns_powershell.yml,Detects Office spawning shells; no email gateway telemetry in corpus
Lateral Movement,T1021.001,RDP,Partially Covered,win_winrm_session_created.yml,WinRM covered; RDP session events not analysed
Credential Access,T1110,Brute Force,Covered,correlation_win_failed_logon_burst_then_success.yml,"Correlation rule (temporal, 5 min, grouped by TargetUserName)"
Command and Control,T1071,Application Layer Protocol,Covered,correlation_win_download_then_external_callback.yml,"Correlation rule (temporal, 2 min)"
Execution,T1059.001,PowerShell Encoded + C2 Correlation,Covered,correlation_win_encoded_powershell_then_external.yml,"Correlation rule (temporal, 2 min)"
